georeference,ada_notes,cbd,south_direction_label,north_direction_label,gtfs_longitude,gtfs_latitude,structure,daytime_routes,borough,stop_name,line,division,gtfs_stop_id,complex_id,station_id,ada_southbound,ada_northbound,ada
POINT (-73.975939 40.576127),,false,Coney Island,Manhattan,-73.975939,40.576127,Elevated,F Q,Bk,W 8 St-NY Aquarium,Broadway - Brighton,BMT,D42,57,57,0,0,0
POINT (-73.98795 40.749567),,true,Downtown,Uptown,-73.98795,40.749567,Subway,N Q R W,M,34 St-Herald Sq,Broadway - Brighton,BMT,R17,607,12,1,1,1
POINT (-73.940858 40.679921),,false,Outbound,Manhattan,-73.940858,40.679921,Subway,C,Bk,Kingston-Throop Avs,8th Av - Fulton St,IND,A47,180,180,0,0,0
POINT (-73.975776 40.650782),,false,Southbound,Northbound,-73.975776,40.650782,Subway,F G,Bk,Fort Hamilton Pkwy,6th Av - Culver,IND,F26,242,242,0,0,0
POINT (-73.948411 40.639967),,false,Flatbush,Manhattan,-73.948411,40.639967,Subway,2 5,Bk,Newkirk Av-Little Haiti,Nostrand,IRT,246,358,358,0,0,0
POINT (-74.000495 40.732338),,true,Downtown,Uptown,-74.000495,40.732338,Subway,B D F M,M,W 4 St-Wash Sq,6th Av - Culver,IND,D20,167,167,1,1,1
POINT (-73.996353 40.624842),,false,Coney Island,Manhattan,-73.996353,40.624842,Open Cut,N,Bk,New Utrecht Av,Sea Beach,BMT,N04,615,73,1,1,1
POINT (-73.867139 40.691324),,false,Manhattan,Jamaica,-73.867139,40.691324,Elevated,J Z,Q,75 St-Elderts Ln,Jamaica,BMT,J17,85,85,0,0,0
POINT (-73.862633 40.883895),,false,Manhattan,Northbound,-73.862633,40.883895,Elevated,2 5,Bx,219 St,Lenox - White Plains Rd,IRT,207,420,420,0,0,0
POINT (-73.936245 40.820421),,false,Downtown,Harlem,-73.936245,40.820421,Subway,3,M,145 St,Lenox - White Plains Rd,IRT,302,437,437,0,0,0
POINT (-73.948916 40.742216),,false,Manhattan,Outbound,-73.948916,40.742216,Subway,7,Q,Hunters Point Av,Flushing,IRT,720,463,463,0,0,0
POINT (-74.103338 40.583591),,false,South Shore,Ferry,-74.103338,40.583591,Embankment,SIR,SI,Jefferson Av,Staten Island,SIR,S24,508,508,0,0,0
POINT (-73.761353 40.600066),,false,Far Rockaway,Manhattan,-73.761353,40.600066,Viaduct,A,Q,Beach 25 St,Rockaway,IND,H10,208,208,0,0,0
POINT (-73.975098 40.680829),,false,Outbound,Manhattan,-73.975098,40.680829,Subway,2 3,Bk,Bergen St,Eastern Pky,IRT,236,339,339,0,0,0
POINT (-73.930729 40.679364),,false,Outbound,Manhattan,-73.930729,40.679364,Subway,A C,Bk,Utica Av,8th Av - Fulton St,IND,A48,181,181,1,1,1
POINT (-73.93647 40.82388),,false,Downtown,Last Stop,-73.93647,40.82388,Subway,3,M,Harlem-148 St,Lenox - White Plains Rd,IRT,301,436,436,0,0,0
POINT (-73.932942 40.668897),,false,Outbound,Manhattan,-73.932942,40.668897,Subway,3 4,Bk,Crown Hts-Utica Av,Eastern Pky,IRT,250,345,345,1,1,1
POINT (-73.845625 40.754622),,false,Manhattan,Outbound,-73.845625,40.754622,Elevated,7,Q,Mets-Willets Point,Flushing,IRT,702,448,448,0,0,0
POINT (-73.989735 40.757308),,true,Downtown,Uptown,-73.989735,40.757308,Subway,A C E,M,42 St-Port Authority Bus Terminal,8th Av - Fulton St,IND,A27,611,163,1,1,1
POINT (-73.981628 40.730953),,true,Brooklyn,West Side,-73.981628,40.730953,Subway,L,M,1 Av,Canarsie,BMT,L06,119,119,1,1,1
POINT (-73.904084 40.695602),,false,Outbound,Manhattan,-73.904084,40.695602,Subway,L,Q,Halsey St,Canarsie,BMT,L19,129,129,0,0,0
POINT (-73.954449 40.731352),,false,Southbound,Queens,-73.954449,40.731352,Subway,G,Bk,Greenpoint Av,Crosstown,IND,G26,283,283,1,1,1
POINT (-73.905249 40.682829),,false,Outbound,Manhattan,-73.905249,40.682829,Subway,L,Bk,Bushwick Av-Aberdeen St,Canarsie,BMT,L21,131,131,0,0,0
POINT (-73.976041 40.751431),,true,Hudson Yards,Queens,-73.976041,40.751431,Subway,7,M,Grand Central-42 St,Flushing,IRT,723,610,465,1,1,1
POINT (-73.984264 40.74307),Downtown only,true,Downtown,Uptown,-73.984264,40.74307,Subway,6,M,28 St,Lexington Av,IRT,633,404,404,1,0,2
POINT (-73.980305 40.666271),,false,Southbound,Northbound,-73.980305,40.666271,Subway,F G,Bk,7 Av,6th Av - Culver,IND,F24,240,240,1,1,1
POINT (-73.993915 40.72028),,true,Downtown,Brooklyn,-73.993915,40.72028,Subway,J Z,M,Bowery,Jamaica,BMT,M19,103,103,0,0,0
POINT (-73.961376 40.577621),,false,Southbound,Manhattan,-73.961376,40.577621,Elevated,B Q,Bk,Brighton Beach,Broadway - Brighton,BMT,D40,55,55,0,0,0
POINT (-73.912034 40.775036),,false,Manhattan,Last Stop,-73.912034,40.775036,Elevated,N W,Q,Astoria-Ditmars Blvd,Astoria,BMT,R01,1,1,0,0,0
POINT (-73.852719 40.726523),,false,Manhattan,Outbound,-73.852719,40.726523,Subway,M R,Q,67 Av,Queens Blvd,IND,G09,262,262,0,0,0
POINT (-73.914685 40.844434),,false,Manhattan,Northbound,-73.914685,40.844434,Elevated,4,Bx,Mt Eden Av,Jerome Av,IRT,411,386,386,0,0,0
POINT (-73.972367 40.67705),,false,Southbound,Manhattan,-73.972367,40.67705,Subway,B Q,Bk,7 Av,Broadway - Brighton,BMT,D25,41,41,0,0,0
POINT (-73.942161 40.669399),,false,Outbound,Manhattan,-73.942161,40.669399,Subway,3,Bk,Kingston Av,Eastern Pky,IRT,249,344,344,0,0,0
POINT (-73.984569 40.754222),,true,Downtown,Uptown,-73.984569,40.754222,Subway,B D F M,M,42 St-Bryant Pk,6th Av - Culver,IND,D16,609,226,0,0,0
POINT (-73.867352 40.865462),,false,Manhattan,Northbound,-73.867352,40.865462,Elevated,2 5,Bx,Allerton Av,Lenox - White Plains Rd,IRT,210,423,423,0,0,0
POINT (-74.012994 40.703087),,true,Downtown,Uptown,-74.012994,40.703087,Subway,R W,M,Whitehall St-South Ferry,Broadway,BMT,R27,635,23,0,0,0
POINT (-73.914042 40.805368),,false,Manhattan,Northbound,-73.914042,40.805368,Subway,6,Bx,Cypress Av,Pelham,IRT,617,375,375,0,0,0
POINT (-73.983849 40.761728),,true,Downtown,Uptown,-73.983849,40.761728,Subway,1,M,50 St,Broadway - 7Av,IRT,126,316,316,0,0,0
POINT (-73.99073 40.734789),,true,Brooklyn,West Side,-73.99073,40.734789,Subway,L,M,14 St-Union Sq,Canarsie,BMT,L03,602,117,1,1,1
POINT (-73.939561 40.840719),,false,Downtown,Uptown,-73.939561,40.840719,Subway,A C,M,168 St,8th Av - Fulton St,IND,A09,605,148,1,1,1
POINT (-73.996209 40.738228),,true,Downtown,Uptown,-73.996209,40.738228,Subway,F M,M,14 St,6th Av - Culver,IND,D19,601,229,1,1,1
POINT (-74.12632 40.56511),,false,South Shore,Ferry,-74.12632,40.56511,Open Cut,SIR,SI,Oakwood Heights,Staten Island,SIR,S21,511,511,0,0,0
POINT (-73.984139 40.759901),Uptown only,true,Downtown,Uptown,-73.984139,40.759901,Subway,N R W,M,49 St,Broadway - Brighton,BMT,R15,10,10,0,1,2
POINT (-73.929412 40.855225),,false,Downtown,The Bronx,-73.929412,40.855225,Subway,1,M,191 St,Broadway - 7Av,IRT,110,300,300,0,0,0
POINT (-73.97745 40.763972),,true,Downtown,Uptown,-73.97745,40.763972,Subway,M,M,57 St,6th Av - Culver,IND,B10,224,224,0,0,0
POINT (-74.002906 40.733422),,true,Downtown,Uptown,-74.002906,40.733422,Subway,1,M,Christopher St-Stonewall,Broadway - 7Av,IRT,133,323,323,0,0,0
POINT (-73.857473 40.893193),,false,Manhattan,Northbound,-73.857473,40.893193,Elevated,2 5,Bx,233 St,Lenox - White Plains Rd,IRT,205,418,418,1,1,1
POINT (-73.908946 40.662549),,false,New Lots,Manhattan,-73.908946,40.662549,Elevated,3,Bk,Rockaway Av,Eastern Pky,IRT,253,348,348,0,0,0
POINT (-73.985026 40.61741),,false,Coney Island,Manhattan,-73.985026,40.61741,Open Cut,N,Bk,20 Av,Sea Beach,BMT,N06,75,75,0,0,0
POINT (-73.90087 40.884667),,false,Manhattan,Van Cortlandt,-73.90087,40.884667,Elevated,1,Bx,238 St,Broadway - 7Av,IRT,103,294,294,0,0,0
POINT (-73.956848 40.68138),,false,Outbound,Manhattan,-73.956848,40.68138,Subway,C,Bk,Franklin Av,8th Av - Fulton St,IND,A45,627,178,1,1,1
POINT (-73.903097 40.675345),,false,Canarsie,Manhattan,-73.903097,40.675345,Elevated,L,Bk,Atlantic Av,Canarsie,BMT,L24,133,133,0,0,0
POINT (-73.832163 40.684331),,false,Ozone Park,Manhattan,-73.832163,40.684331,Elevated,A,Q,111 St,Liberty Av,IND,A64,194,194,0,0,0
POINT (-73.8627 40.749865),,false,Manhattan,Outbound,-73.8627,40.749865,Elevated,7,Q,103 St-Corona Plaza,Flushing,IRT,706,450,450,0,0,0
POINT (-73.994791 40.63626),,false,Southbound,Manhattan,-73.994791,40.63626,Elevated,D,Bk,50 St,West End,BMT,B14,61,61,0,0,0
POINT (-73.976848 40.751776),,true,Downtown,Uptown,-73.976848,40.751776,Subway,4 5 6,M,Grand Central-42 St,Lexington Av,IRT,631,610,402,1,1,1
POINT (-73.9214 40.835537),,false,Manhattan,Northbound,-73.9214,40.835537,Elevated,4,Bx,167 St,Jerome Av,IRT,413,388,388,0,0,0
POINT (-73.958131 40.670682),,false,Outbound,Manhattan,-73.958131,40.670682,Subway,2 3 4 5,Bk,Franklin Av-Medgar Evers College,Eastern Pky,IRT,239,626,342,0,0,0
POINT (-73.873785 40.683194),,false,Manhattan,Outbound,-73.873785,40.683194,Elevated,J Z,Bk,Crescent St,Jamaica,BMT,J20,87,87,0,0,0
POINT (-73.985942 40.69218),,false,Southbound,Manhattan,-73.985942,40.69218,Subway,R,Bk,Jay St-MetroTech,Broadway,BMT,R29,636,25,1,1,1
POINT (-73.878855 40.874811),,false,Manhattan,Last Stop,-73.878855,40.874811,Subway,D,Bx,Norwood-205 St,Concourse,IND,D01,210,210,0,0,0
POINT (-73.941514 40.830518),,false,Downtown,Uptown,-73.941514,40.830518,Subway,C,M,155 St,8th Av - Fulton St,IND,A11,150,150,0,0,0
POINT (-73.904098 40.812118),,false,Manhattan,Northbound,-73.904098,40.812118,Subway,6,Bx,E 149 St,Pelham,IRT,615,373,373,1,1,1
POINT (-73.899232 40.658733),,false,Canarsie,Manhattan,-73.899232,40.658733,Elevated,L,Bk,New Lots Av,Canarsie,BMT,L27,136,136,0,0,0
POINT (-73.9502 40.656652),,false,Flatbush,Manhattan,-73.9502,40.656652,Subway,2 5,Bk,Winthrop St,Nostrand,IRT,243,355,355,0,0,0
POINT (-74.087368 40.596612),,false,South Shore,Ferry,-74.087368,40.596612,Embankment,SIR,SI,Old Town,Staten Island,SIR,S26,506,506,0,0,0
POINT (-74.030876 40.616622),,false,Last Stop,Manhattan,-74.030876,40.616622,Subway,R,Bk,Bay Ridge-95 St,4th Av,BMT,R45,39,39,1,1,1
POINT (-74.006886 40.719318),,true,Downtown,Uptown,-74.006886,40.719318,Subway,1,M,Franklin St,Broadway - 7Av,IRT,136,326,326,0,0,0
POINT (-73.843853 40.680429),,false,Outbound,Manhattan,-73.843853,40.680429,Elevated,A,Q,Rockaway Blvd,Liberty Av,IND,A61,192,192,0,0,0
POINT (-73.957757 40.708359),,false,Manhattan,Outbound,-73.957757,40.708359,Elevated,M J Z,Bk,Marcy Av,Jamaica,BMT,M16,101,101,1,1,1
POINT (-73.831008 40.714441),,false,Manhattan,Jamaica,-73.831008,40.714441,Subway,E F,Q,Kew Gardens-Union Tpke,Queens Blvd,IND,F06,259,259,1,1,1
POINT (-73.95326 40.759145),,false,Downtown,Queens,-73.95326,40.759145,Subway,M,M,Roosevelt Island,63rd St,IND,B06,222,222,1,1,1
POINT (-73.972323 40.793919),,false,Downtown,Uptown,-73.972323,40.793919,Subway,1 2 3,M,96 St,Broadway - 7Av,IRT,120,310,310,1,1,1
POINT (-73.973347 40.764811),,true,Downtown,Queens,-73.973347,40.764811,Subway,N R W,M,5 Av/59 St,Astoria,BMT,R13,8,8,0,0,0
POINT (-73.981736 40.768296),,true,Downtown,Uptown,-73.981736,40.768296,Subway,A C B D,M,59 St-Columbus Circle,8th Av - Fulton St,IND,A24,614,161,1,1,1
POINT (-73.980353 40.603923),,false,Coney Island,Manhattan,-73.980353,40.603923,Open Cut,N,Bk,Kings Hwy,Sea Beach,BMT,N08,77,77,0,0,0
POINT (-73.951277 40.724635),,false,Southbound,Queens,-73.951277,40.724635,Subway,G,Bk,Nassau Av,Crosstown,IND,G28,284,284,0,0,0
POINT (-73.97881 40.683666),,false,Southbound,Manhattan,-73.97881,40.683666,Subway,D N R,Bk,Atlantic Av-Barclays Ctr,4th Av,BMT,R31,617,27,1,1,1
POINT (-73.915279 40.869444),,false,Downtown,The Bronx,-73.915279,40.869444,Elevated,1,M,215 St,Broadway - 7Av,IRT,107,297,297,0,0,0
POINT (-73.933147 40.706152),,false,Outbound,Manhattan,-73.933147,40.706152,Subway,L,Bk,Morgan Av,Canarsie,BMT,L14,125,125,0,0,0
POINT (-73.997871 40.74104),,true,Downtown,Uptown,-73.997871,40.74104,Subway,1,M,18 St,Broadway - 7Av,IRT,131,321,321,0,0,0
POINT (-73.835919 40.672097),,false,Rockaways,Manhattan,-73.835919,40.672097,At Grade,A,Q,Aqueduct Racetrack,Rockaway,IND,H01,196,196,1,1,1
POINT (-73.876613 40.748408),,false,Manhattan,Outbound,-73.876613,40.748408,Elevated,7,Q,90 St-Elmhurst Av,Flushing,IRT,708,452,452,0,0,0
POINT (-74.071402 40.621319),,false,South Shore,Ferry,-74.071402,40.621319,Elevated,SIR,SI,Clifton,Staten Island,SIR,S28,504,504,0,0,0
POINT (-73.994324 40.646292),,false,Southbound,Manhattan,-73.994324,40.646292,Open Cut,D,Bk,9 Av,West End,BMT,B12,59,59,0,0,0
POINT (-73.884639 40.679947),,false,Manhattan,Outbound,-73.884639,40.679947,Elevated,J,Bk,Cleveland St,Jamaica,BMT,J22,89,89,0,0,0
POINT (-73.917757 40.816109),,false,Manhattan,Northbound,-73.917757,40.816109,Subway,2 5,Bx,3 Av-149 St,Lenox - White Plains Rd,IRT,221,434,434,1,1,1
POINT (-73.901975 40.669367),,false,Canarsie,Manhattan,-73.901975,40.669367,Elevated,L,Bk,Sutter Av,Canarsie,BMT,L25,134,134,0,0,0
POINT (-73.801109 40.702147),,false,Manhattan,Last Stop,-73.801109,40.702147,Subway,E J Z,Q,Jamaica Center-Parsons/Archer,Queens - Archer,IND,G05,278,278,1,1,1
POINT (-73.85062 40.903125),,false,Manhattan,Last Stop,-73.85062,40.903125,Elevated,2,Bx,Wakefield-241 St,Lenox - White Plains Rd,IRT,201,416,416,0,0,0
POINT (-73.893509 40.866978),,false,Manhattan,Northbound,-73.893509,40.866978,Subway,B D,Bx,Kingsbridge Rd,Concourse,IND,D04,212,212,1,1,1
POINT (-74.006571 40.709416),,true,Brooklyn,Uptown,-74.006571,40.709416,Subway,2 3,M,Fulton St,Clark St,IRT,229,628,332,1,1,1
POINT (-73.944216 40.824783),,false,Downtown,Uptown,-73.944216,40.824783,Subway,A C,M,145 St,8th Av - Fulton St,IND,A12,151,151,0,0,0
POINT (-73.986599 40.739864),,true,Downtown,Uptown,-73.986599,40.739864,Subway,6,M,23 St-Baruch College,Lexington Av,IRT,634,405,405,1,1,1
POINT (-73.947408 40.703869),,false,Manhattan,Outbound,-73.947408,40.703869,Elevated,M J,Bk,Lorimer St,Jamaica,BMT,M13,99,99,0,0,0
POINT (-74.02551 40.629742),,false,Bay Ridge,Manhattan,-74.02551,40.629742,Subway,R,Bk,77 St,4th Av,BMT,R43,37,37,0,0,0
POINT (-73.978172 40.636119),,false,Southbound,Manhattan,-73.978172,40.636119,Elevated,F,Bk,Ditmas Av,6th Av - Culver,IND,F29,244,244,0,0,0
POINT (-73.925831 40.827994),,false,Manhattan,Northbound,-73.925831,40.827994,Elevated,4,Bx,161 St-Yankee Stadium,Jerome Av,IRT,414,604,389,1,1,1
POINT (-74.00169 40.740893),,true,Downtown,Uptown,-74.00169,40.740893,Subway,A C E,M,14 St,8th Av - Fulton St,IND,A31,618,166,1,1,1
POINT (-74.011029 40.710668),,true,Downtown,Uptown,-74.011029,40.710668,Subway,R W,M,Cortlandt St,Broadway,BMT,R25,624,21,1,1,1
POINT (-73.860816 40.833226),,false,Manhattan,Northbound,-73.860816,40.833226,Elevated,6,Bx,Parkchester,Pelham,IRT,608,366,366,1,1,1
POINT (-73.907684 40.853453),,false,Manhattan,Northbound,-73.907684,40.853453,Elevated,4,Bx,Burnside Av,Jerome Av,IRT,409,384,384,0,0,0
POINT (-73.851576 40.693879),,false,Manhattan,Jamaica,-73.851576,40.693879,Elevated,J Z,Q,Woodhaven Blvd,Jamaica,BMT,J15,83,83,1,1,1
POINT (-73.911946 40.67834),,false,Outbound,Manhattan,-73.911946,40.67834,Subway,C,Bk,Rockaway Av,8th Av - Fulton St,IND,A50,183,183,0,0,0
POINT (-73.945495 40.807754),,false,Downtown,Uptown,-73.945495,40.807754,Subway,2 3,M,125 St,Lenox - White Plains Rd,IRT,225,439,439,0,0,0
POINT (-73.967967 40.762526),,true,Downtown,Uptown,-73.967967,40.762526,Subway,4 5 6,M,59 St,Lexington Av,IRT,629,613,400,0,0,0
POINT (-73.980492 40.688246),,false,Outbound,Manhattan,-73.980492,40.688246,Subway,2 3 4 5,Bk,Nevins St,Eastern Pky,IRT,234,337,337,0,0,0
POINT (-73.937969 40.851695),,false,Downtown,Uptown,-73.937969,40.851695,Subway,A,M,181 St,8th Av - Fulton St,IND,A06,146,146,1,1,1
POINT (-73.896435 40.816104),,false,Manhattan,Northbound,-73.896435,40.816104,Subway,6,Bx,Longwood Av,Pelham,IRT,614,372,372,0,0,0
POINT (-73.998041 40.745906),,true,Downtown,Uptown,-73.998041,40.745906,Subway,C E,M,23 St,8th Av - Fulton St,IND,A30,165,165,0,0,0
POINT (-74.11721 40.57348),,false,South Shore,Ferry,-74.11721,40.57348,Open Cut,SIR,SI,New Dorp,Staten Island,SIR,S22,510,510,1,1,1
POINT (-74.011719 40.635064),,false,Coney Island,Manhattan,-74.011719,40.635064,Open Cut,N,Bk,8 Av,Sea Beach,BMT,N02,71,71,1,1,1
POINT (-73.860495 40.854364),,false,Manhattan,Eastchester,-73.860495,40.854364,Open Cut,5,Bx,Morris Park,Dyre Av,IRT,505,446,446,0,0,0
POINT (-73.943832 40.746554),,false,Brooklyn,Last Stop,-73.943832,40.746554,Subway,G,Q,Court Sq,Crosstown,IND,G22,606,281,1,1,1
POINT (-73.950275 40.714063),,false,Outbound,Manhattan,-73.950275,40.714063,Subway,L,Bk,Lorimer St,Canarsie,BMT,L10,629,121,1,1,1
POINT (-73.776013 40.592943),,false,Far Rockaway,Manhattan,-73.776013,40.592943,Viaduct,A,Q,Beach 44 St,Rockaway,IND,H08,206,206,0,0,0
POINT (-73.987691 40.755477),,true,Hudson Yards,Queens,-73.987691,40.755477,Subway,7,M,Times Sq-42 St,Flushing,IRT,725,611,467,1,1,1
POINT (-74.003401 40.713243),,true,Downtown,Brooklyn,-74.003401,40.713243,Subway,J Z,M,Chambers St,Jamaica,BMT,M21,622,105,1,1,1
POINT (-73.992821 40.742878),,true,Downtown,Uptown,-73.992821,40.742878,Subway,F M,M,23 St,6th Av - Culver,IND,D18,228,228,0,0,0
POINT (-73.969055 40.757552),,true,Downtown,Queens,-73.969055,40.757552,Subway,E F,M,Lexington Av/53 St,Queens Blvd,IND,F11,612,275,1,1,1
POINT (-73.973022 40.608944),,false,Southbound,Manhattan,-73.973022,40.608944,Elevated,F,Bk,Avenue P,6th Av - Culver,IND,F34,249,249,0,0,0
POINT (-73.877223 40.737015),,false,Manhattan,Outbound,-73.877223,40.737015,Subway,M R,Q,Grand Av-Newtown,Queens Blvd,IND,G12,265,265,0,0,0
POINT (-73.940202 40.750582),,false,Manhattan,Astoria,-73.940202,40.750582,Elevated,N W,Q,Queensboro Plaza,Astoria,BMT,R09,461,461,1,1,1
POINT (-73.866256 40.87785),,false,Manhattan,Northbound,-73.866256,40.87785,Elevated,2 5,Bx,Gun Hill Rd,Lenox - White Plains Rd,IRT,208,421,421,1,1,1
POINT (-73.898453 40.749669),,false,Manhattan,Outbound,-73.898453,40.749669,Subway,M R,Q,65 St,Queens Blvd,IND,G15,268,268,0,0,0
POINT (-73.97425 40.58962),,false,Coney Island,Manhattan,-73.97425,40.58962,Elevated,F,Bk,Avenue X,6th Av - Culver,IND,F38,252,252,0,0,0
POINT (-73.961495 40.655292),,false,Southbound,Manhattan,-73.961495,40.655292,Open Cut,Q,Bk,Parkside Av,Broadway - Brighton,BMT,D27,43,43,0,0,0
POINT (-73.91844 40.833771),,false,Manhattan,Northbound,-73.91844,40.833771,Subway,B D,Bx,167 St,Concourse,IND,D10,218,218,0,0,0
POINT (-74.229141 40.519631),,false,Tottenville,Ferry,-74.229141,40.519631,Open Cut,SIR,SI,Richmond Valley,Staten Island,SIR,S13,519,519,0,0,0
POINT (-73.896736 40.822181),,false,Manhattan,Northbound,-73.896736,40.822181,Elevated,2 5,Bx,Intervale Av,Lenox - White Plains Rd,IRT,218,431,431,0,0,0
POINT (-73.995048 40.680303),,false,Southbound,Northbound,-73.995048,40.680303,Subway,F G,Bk,Carroll St,6th Av - Culver,IND,F21,237,237,0,0,0
POINT (-74.075162 40.627915),,false,South Shore,Ferry,-74.075162,40.627915,Elevated,SIR,SI,Stapleton,Staten Island,SIR,S29,503,503,0,0,0
POINT (-73.927397 40.697857),,false,Middle Village,Inbound,-73.927397,40.697857,Elevated,M,Bk,Central Av,Myrtle Av,BMT,M10,114,114,0,0,0
POINT (-73.985001 40.688484),,false,Queens,Westbound,-73.985001,40.688484,Subway,A C G,Bk,Hoyt-Schermerhorn Sts,8th Av - Fulton St,IND,A42,175,175,0,0,0
POINT (-73.894895 40.664635),,false,New Lots,Manhattan,-73.894895,40.664635,Elevated,3,Bk,Pennsylvania Av,Eastern Pky,IRT,255,350,350,0,0,0
POINT (-73.947478 40.7906),,false,Downtown,The Bronx,-73.947478,40.7906,Subway,6,M,103 St,Lexington Av,IRT,624,395,395,0,0,0
POINT (-73.912549 40.744149),,false,Manhattan,Outbound,-73.912549,40.744149,Elevated,7,Q,52 St,Flushing,IRT,713,457,457,0,0,0
POINT (-73.842952 40.839892),,false,Manhattan,Pelham Bay,-73.842952,40.839892,Elevated,6,Bx,Westchester Sq-E Tremont Av,Pelham,IRT,604,363,363,1,1,1
POINT (-73.921479 40.766779),,false,Manhattan,Astoria,-73.921479,40.766779,Elevated,N W,Q,30 Av,Astoria,BMT,R04,3,3,0,0,0
POINT (-73.955929 40.5993),,false,Southbound,Manhattan,-73.955929,40.5993,Open Cut,Q,Bk,Avenue U,Broadway - Brighton,BMT,D37,52,52,0,0,0
POINT (-73.909831 40.874561),,false,Downtown,The Bronx,-73.909831,40.874561,Elevated,1,M,Marble Hill-225 St,Broadway - 7Av,IRT,106,296,296,0,0,0
POINT (-73.964696 40.791642),,false,Downtown,Uptown,-73.964696,40.791642,Subway,C B,M,96 St,8th Av - Fulton St,IND,A19,157,157,0,0,0
POINT (-73.990151 40.692404),,false,Outbound,Manhattan,-73.990151,40.692404,Subway,4 5,Bk,Borough Hall,Eastern Pky,IRT,423,620,415,1,1,1
POINT (-73.989344 40.741303),,true,Downtown,Uptown,-73.989344,40.741303,Subway,R W,M,23 St,Broadway - Brighton,BMT,R19,14,14,0,0,0
POINT (-73.941126 40.70026),,false,Manhattan,Outbound,-73.941126,40.70026,Elevated,M J,Bk,Flushing Av,Jamaica,BMT,M12,98,98,1,1,1
POINT (-73.86505 40.677044),,false,Queens,Manhattan,-73.86505,40.677044,Subway,A,Bk,Grant Av,Liberty Av,IND,A57,189,189,0,0,0
POINT (-73.955827 40.680596),,false,Prospect Park,Last Stop,-73.955827,40.680596,Elevated,S,Bk,Franklin Av,Franklin Shuttle,BMT,S01,627,139,1,1,1
POINT (-74.023377 40.634967),,false,Bay Ridge,Manhattan,-74.023377,40.634967,Subway,R,Bk,Bay Ridge Av,4th Av,BMT,R42,36,36,0,0,0
POINT (-73.879159 40.828584),,false,Manhattan,Northbound,-73.879159,40.828584,Elevated,6,Bx,Elder Av,Pelham,IRT,611,369,369,0,0,0
POINT (-74.008585 40.714111),,true,Brooklyn,Uptown,-74.008585,40.714111,Subway,A C,M,Chambers St,8th Av - Fulton St,IND,A36,624,170,0,0,0
POINT (-74.001736 40.607954),,false,Southbound,Manhattan,-74.001736,40.607954,Elevated,D,Bk,18 Av,West End,BMT,B19,66,66,0,0,0
POINT (-74.005367 40.728251),,true,Downtown,Uptown,-74.005367,40.728251,Subway,1,M,Houston St,Broadway - 7Av,IRT,134,324,324,0,0,0
POINT (-73.929575 40.756804),,false,Manhattan,Astoria,-73.929575,40.756804,Elevated,N W,Q,36 Av,Astoria,BMT,R06,5,5,0,0,0
POINT (-73.910456 40.682893),,false,Manhattan,Outbound,-73.910456,40.682893,Elevated,J Z,Bk,Chauncey St,Jamaica,BMT,J28,93,93,0,0,0
POINT (-73.992872 40.665414),,false,Southbound,Manhattan,-73.992872,40.665414,Subway,R,Bk,Prospect Av,4th Av,BMT,R34,30,30,0,0,0
POINT (-73.997141 40.722301),,true,Downtown,Uptown,-73.997141,40.722301,Subway,6,M,Spring St,Lexington Av,IRT,638,409,409,0,0,0
POINT (-74.00191 40.755882),,true,Queens,Last Stop,-74.00191,40.755882,Subway,7,M,34 St-Hudson Yards,Flushing,IRT,726,471,471,1,1,1
POINT (-73.815925 40.608382),,false,Rockaways,Inbound,-73.815925,40.608382,At Grade,A S,Q,Broad Channel,Rockaway,IND,H04,199,199,0,0,0
POINT (-73.783817 40.712646),,false,Manhattan,Last Stop,-73.783817,40.712646,Subway,F,Q,Jamaica-179 St,Queens Blvd,IND,F01,254,254,1,1,1
POINT (-73.985065 40.690545),Outbound only,false,Outbound,Manhattan,-73.985065,40.690545,Subway,2 3,Bk,Hoyt St,Eastern Pky,IRT,233,336,336,1,0,2
POINT (-73.905227 40.85041),,false,Manhattan,Northbound,-73.905227,40.85041,Subway,B D,Bx,Tremont Av,Concourse,IND,D07,215,215,1,1,1
POINT (-73.958372 40.815581),,false,Downtown,Uptown,-73.958372,40.815581,Elevated,1,M,125 St,Broadway - 7Av,IRT,116,306,306,0,0,0
POINT (-73.993753 40.718267),,true,Brooklyn,Uptown,-73.993753,40.718267,Subway,B D,M,Grand St,6th Av - Culver,IND,D22,231,231,0,0,0
POINT (-73.958161 40.800603),,false,Downtown,Uptown,-73.958161,40.800603,Subway,C B,M,Cathedral Pkwy (110 St),8th Av - Fulton St,IND,A17,155,155,0,0,0
POINT (-73.941617 40.798629),,false,Downtown,The Bronx,-73.941617,40.798629,Subway,6,M,116 St,Lexington Av,IRT,622,393,393,0,0,0
POINT (-73.950308 40.706092),,false,Southbound,Queens,-73.950308,40.706092,Subway,G,Bk,Broadway,Crosstown,IND,G30,286,286,0,0,0
POINT (-73.896403 40.746325),,false,Manhattan,Outbound,-73.896403,40.746325,Elevated,7,Q,69 St,Flushing,IRT,711,455,455,0,0,0
POINT (-73.838591 40.878663),,false,Manhattan,Eastchester,-73.838591,40.878663,Open Cut,5,Bx,Baychester Av,Dyre Av,IRT,502,443,443,0,0,0
POINT (-73.959245 40.670343),,false,Prospect Park,Franklin Av,-73.959245,40.670343,Open Cut,S,Bk,Botanic Garden,Franklin Shuttle,BMT,S04,626,142,0,0,0
POINT (-73.949575 40.650843),,false,Flatbush,Manhattan,-73.949575,40.650843,Subway,2 5,Bk,Church Av,Nostrand,IRT,244,356,356,1,1,1
POINT (-73.916327 40.661453),,false,New Lots,Manhattan,-73.916327,40.661453,Elevated,3,Bk,Saratoga Av,Eastern Pky,IRT,252,347,347,0,0,0
POINT (-73.827559 40.583209),,false,Rockaway Park,Inbound,-73.827559,40.583209,Viaduct,A S,Q,Beach 105 St,Rockaway,IND,H14,202,202,0,0,0
POINT (-73.995476 40.631435),,false,Southbound,Manhattan,-73.995476,40.631435,Elevated,D,Bk,55 St,West End,BMT,B15,62,62,0,0,0
POINT (-73.966847 40.803967),,false,Downtown,Uptown,-73.966847,40.803967,Subway,1,M,Cathedral Pkwy (110 St),Broadway - 7Av,IRT,118,308,308,0,0,0
POINT (-73.963891 40.640927),,false,Southbound,Manhattan,-73.963891,40.640927,Open Cut,Q,Bk,Cortelyou Rd,Broadway - Brighton,BMT,D30,46,46,0,0,0
POINT (-74.006978 40.713282),,true,Downtown,Uptown,-74.006978,40.713282,Subway,R W,M,City Hall,Broadway,BMT,R24,20,20,0,0,0
POINT (-73.981929 40.768247),,true,Downtown,Uptown,-73.981929,40.768247,Subway,1,M,59 St-Columbus Circle,Broadway - 7Av,IRT,125,614,315,1,1,1
POINT (-73.96387 40.768141),,false,Downtown,Uptown,-73.96387,40.768141,Subway,6,M,68 St-Hunter College,Lexington Av,IRT,628,399,399,1,1,1
POINT (-73.816859 40.702566),,false,Manhattan,Jamaica,-73.816859,40.702566,Subway,E,Q,Jamaica-Van Wyck,Queens - Archer,IND,G07,280,280,1,1,1
POINT (-74.008811 40.713051),,true,Brooklyn,Uptown,-74.008811,40.713051,Subway,2 3,M,Park Place,Clark St,IRT,228,624,331,0,0,0
POINT (-73.93418 40.859022),,false,Downtown,Uptown,-73.93418,40.859022,Subway,A,M,190 St,8th Av - Fulton St,IND,A05,145,145,0,0,0
POINT (-74.004131 40.713065),,true,Downtown,Uptown,-74.004131,40.713065,Subway,4 5 6,M,Brooklyn Bridge-City Hall,Lexington Av,IRT,640,622,411,1,1,1
POINT (-73.991057 40.750373),,true,Downtown,Uptown,-73.991057,40.750373,Subway,1 2 3,M,34 St-Penn Station,Broadway - 7Av,IRT,128,318,318,1,1,1
POINT (-74.151399 40.551231),,false,South Shore,Ferry,-74.151399,40.551231,Open Cut,SIR,SI,Great Kills,Staten Island,SIR,S19,513,513,1,1,1
POINT (-73.869229 40.733106),,false,Manhattan,Outbound,-73.869229,40.733106,Subway,M R,Q,Woodhaven Blvd,Queens Blvd,IND,G11,264,264,0,0,0
POINT (-73.84433 40.695178),,false,Manhattan,Jamaica,-73.84433,40.695178,Elevated,J Z,Q,104 St,Jamaica,BMT,J14,82,82,0,0,0
POINT (-73.868457 40.848828),,false,Manhattan,Northbound,-73.868457,40.848828,Elevated,2 5,Bx,Bronx Park East,Lenox - White Plains Rd,IRT,212,425,425,0,0,0
POINT (-73.951787 40.777891),,false,Downtown,Uptown,-73.951787,40.777891,Subway,Q,M,86 St,Second Av,IND,Q04,476,476,1,1,1
POINT (-73.788522 40.592374),,false,Far Rockaway,Manhattan,-73.788522,40.592374,Viaduct,A,Q,Beach 60 St,Rockaway,IND,H07,205,205,0,0,0
POINT (-73.895877 40.706186),,false,Middle Village,Inbound,-73.895877,40.706186,Elevated,M,Q,Fresh Pond Rd,Myrtle Av,BMT,M04,109,109,0,0,0
POINT (-73.993086 40.697466),,false,Outbound,Manhattan,-73.993086,40.697466,Subway,2 3,Bk,Clark St,Clark St,IRT,231,334,334,0,0,0
POINT (-73.951822 40.799075),,false,Downtown,Uptown,-73.951822,40.799075,Subway,2 3,M,110 St-Malcolm X Plaza,Lenox - White Plains Rd,IRT,227,441,441,0,0,0
POINT (-73.929849 40.813224),,false,Manhattan,Northbound,-73.929849,40.813224,Subway,4 5,Bx,138 St-Grand Concourse,Jerome Av,IRT,416,391,391,0,0,0
POINT (-73.883697 40.747659),,false,Manhattan,Outbound,-73.883697,40.747659,Elevated,7,Q,82 St-Jackson Hts,Flushing,IRT,709,453,453,0,0,0
POINT (-73.884655 40.87975),,false,Manhattan,Woodlawn,-73.884655,40.87975,Elevated,4,Bx,Mosholu Pkwy,Jerome Av,IRT,402,379,379,1,1,1
POINT (-73.834058 40.668234),,false,Rockaways,Manhattan,-73.834058,40.668234,At Grade,A,Q,Aqueduct-N Conduit Av,Rockaway,IND,H02,197,197,0,0,0
POINT (-73.847036 40.836488),,false,Manhattan,Pelham Bay,-73.847036,40.836488,Elevated,6,Bx,Zerega Av,Pelham,IRT,606,364,364,0,0,0
POINT (-73.940133 40.840556),,false,Downtown,Uptown,-73.940133,40.840556,Subway,1,M,168 St-Washington Hts,Broadway - 7Av,IRT,112,605,302,0,0,0
POINT (-73.975224 40.760167),,true,Downtown,Queens,-73.975224,40.760167,Subway,E F,M,5 Av/53 St,Queens Blvd,IND,F12,276,276,0,0,0
POINT (-73.975375 40.687119),,false,Southbound,Queens,-73.975375,40.687119,Subway,G,Bk,Fulton St,Crosstown,IND,G36,292,292,0,0,0
POINT (-73.976127 40.625322),,false,Southbound,Manhattan,-73.976127,40.625322,Elevated,F,Bk,Avenue I,6th Av - Culver,IND,F31,246,246,0,0,0
POINT (-73.94067 40.711926),,false,Outbound,Manhattan,-73.94067,40.711926,Subway,L,Bk,Grand St,Canarsie,BMT,L12,123,123,1,1,1
POINT (-73.998864 40.619589),,false,Southbound,Manhattan,-73.998864,40.619589,Elevated,D,Bk,71 St,West End,BMT,B17,64,64,0,0,0
POINT (-73.796924 40.590927),,false,Far Rockaway,Manhattan,-73.796924,40.590927,Viaduct,A,Q,Beach 67 St,Rockaway,IND,H06,204,204,1,1,1
POINT (-73.828294 40.700492),,false,Manhattan,Jamaica,-73.828294,40.700492,Elevated,J Z,Q,121 St,Jamaica,BMT,J12,80,80,0,0,0
POINT (-73.928814 40.693342),,false,Manhattan,Outbound,-73.928814,40.693342,Elevated,J,Bk,Kosciuszko St,Jamaica,BMT,J31,96,96,0,0,0
POINT (-74.001775 40.719527),,true,Downtown,Uptown,-74.001775,40.719527,Subway,R W,M,Canal St,Broadway,BMT,R23,623,18,0,0,0
POINT (-74.178217 40.54046),,false,South Shore,Ferry,-74.178217,40.54046,Open Cut,SIR,SI,Annadale,Staten Island,SIR,S17,515,515,0,0,0
POINT (-73.974197 40.61514),,false,Southbound,Manhattan,-73.974197,40.61514,Elevated,F,Bk,Avenue N,6th Av - Culver,IND,F33,248,248,0,0,0
POINT (-74.011056 40.706476),,true,Last Stop,Brooklyn,-74.011056,40.706476,Subway,J Z,M,Broad St,Jamaica,BMT,M23,107,107,0,0,0
POINT (-73.98197 40.778453),,false,Downtown,Uptown,-73.98197,40.778453,Subway,1 2 3,M,72 St,Broadway - 7Av,IRT,123,313,313,1,1,1
POINT (-73.820574 40.709179),,false,Manhattan,Jamaica,-73.820574,40.709179,Subway,E F,Q,Briarwood,Queens Blvd,IND,F05,258,258,0,0,0
POINT (-73.968916 40.785868),,false,Downtown,Uptown,-73.968916,40.785868,Subway,C B,M,86 St,8th Av - Fulton St,IND,A20,158,158,0,0,0
POINT (-73.961639 40.62927),,false,Southbound,Manhattan,-73.961639,40.62927,Open Cut,Q,Bk,Avenue H,Broadway - Brighton,BMT,D32,48,48,1,1,1
POINT (-74.013783 40.707513),,true,Downtown,Uptown,-74.013783,40.707513,Subway,1,M,Rector St,Broadway - 7Av,IRT,139,329,329,0,0,0
POINT (-73.903077 40.704423),,false,Middle Village,Inbound,-73.903077,40.704423,Elevated,M,Q,Forest Av,Myrtle Av,BMT,M05,110,110,0,0,0
POINT (-73.971046 40.675235),,false,Outbound,Manhattan,-73.971046,40.675235,Subway,2 3,Bk,Grand Army Plaza,Eastern Pky,IRT,237,340,340,0,0,0
POINT (-73.990862 40.686145),,false,Southbound,Northbound,-73.990862,40.686145,Subway,F G,Bk,Bergen St,6th Av - Culver,IND,F20,236,236,0,0,0
POINT (-73.891338 40.746644),,false,Manhattan,Outbound,-73.891338,40.746644,Subway,E F M R,Q,Jackson Hts-Roosevelt Av,Queens Blvd,IND,G14,616,267,1,1,1
POINT (-73.955589 40.779492),Uptown local only,false,Downtown,Uptown,-73.955589,40.779492,Subway,4 5 6,M,86 St,Lexington Av,IRT,626,397,397,0,1,2
POINT (-73.973357 40.596063),,false,Coney Island,Manhattan,-73.973357,40.596063,Elevated,F,Bk,Avenue U,6th Av - Culver,IND,F36,251,251,0,0,0
POINT (-74.012188 40.711835),,true,Downtown,Uptown,-74.012188,40.711835,Subway,1,M,WTC Cortlandt,Broadway - 7Av,IRT,138,328,328,1,1,1
POINT (-73.890358 40.67271),,false,Outbound,Manhattan,-73.890358,40.67271,Subway,C,Bk,Van Siclen Av,8th Av - Fulton St,IND,A53,186,186,0,0,0
POINT (-73.919899 40.868072),,false,Downtown,Last Stop,-73.919899,40.868072,Subway,A,M,Inwood-207 St,8th Av - Fulton St,IND,A02,143,143,1,1,1
POINT (-73.964492 40.644031),,false,Southbound,Manhattan,-73.964492,40.644031,Open Cut,Q,Bk,Beverley Rd,Broadway - Brighton,BMT,D29,45,45,0,0,0
POINT (-74.073643 40.643748),,false,South Shore,Last Stop,-74.073643,40.643748,Open Cut,SIR,SI,St George,Staten Island,SIR,S31,501,501,1,1,1
POINT (-73.880049 40.840295),,false,Manhattan,Northbound,-73.880049,40.840295,Elevated,2 5,Bx,West Farms Sq-E Tremont Av,Lenox - White Plains Rd,IRT,214,427,427,0,0,0
POINT (-73.913333 40.756312),,false,Manhattan,Outbound,-73.913333,40.756312,Subway,M R,Q,46 St,Queens Blvd,IND,G18,270,270,0,0,0
POINT (-73.938209 40.830135),,false,Downtown,The Bronx,-73.938209,40.830135,Subway,B D,M,155 St,Concourse,IND,D12,220,220,0,0,0
POINT (-73.828121 40.852462),,false,Manhattan,Last Stop,-73.828121,40.852462,Elevated,6,Bx,Pelham Bay Park,Pelham,IRT,601,360,360,1,1,1
POINT (-73.990531 40.699337),,false,Outbound,Manhattan,-73.990531,40.699337,Subway,A C,Bk,High St,8th Av - Fulton St,IND,A40,173,173,0,0,0
POINT (-73.891865 40.829993),,false,Manhattan,Northbound,-73.891865,40.829993,Elevated,2 5,Bx,Freeman St,Lenox - White Plains Rd,IRT,216,429,429,0,0,0
POINT (-73.924016 40.743781),,false,Manhattan,Outbound,-73.924016,40.743781,Elevated,7,Q,40 St-Lowery St,Flushing,IRT,715,459,459,0,0,0
POINT (-73.932755 40.752882),,false,Manhattan,Astoria,-73.932755,40.752882,Elevated,N W,Q,39 Av-Dutch Kills,Astoria,BMT,R08,6,6,0,0,0
POINT (-73.946 40.747846),Manhattan-bound only,false,Manhattan,Outbound,-73.946,40.747846,Subway,E F,Q,Court Sq-23 St,Queens Blvd,IND,F09,606,274,1,0,2
POINT (-73.988302 40.670847),,false,Southbound,Manhattan,-73.988302,40.670847,Subway,R,Bk,4 Av-9 St,4th Av,BMT,R33,608,29,0,0,0
POINT (-73.959399 40.617618),,false,Southbound,Manhattan,-73.959399,40.617618,Open Cut,Q,Bk,Avenue M,Broadway - Brighton,BMT,D34,50,50,0,0,0
POINT (-73.96007 40.688873),,false,Southbound,Queens,-73.96007,40.688873,Subway,G,Bk,Classon Av,Crosstown,IND,G34,290,290,0,0,0
POINT (-73.832569 40.84681),,false,Manhattan,Pelham Bay,-73.832569,40.84681,Elevated,6,Bx,Buhre Av,Pelham,IRT,602,361,361,0,0,0
POINT (-74.014034 40.645069),,false,Southbound,Manhattan,-74.014034,40.645069,Subway,R,Bk,53 St,4th Av,BMT,R40,34,34,0,0,0
POINT (-73.925536 40.860531),,false,Downtown,The Bronx,-73.925536,40.860531,Elevated,1,M,Dyckman St,Broadway - 7Av,IRT,109,299,299,1,1,1
POINT (-74.011862 40.707557),,true,Downtown,Uptown,-74.011862,40.707557,Subway,4 5,M,Wall St,Lexington Av,IRT,419,413,413,0,0,0
POINT (-73.85147 40.679843),,false,Outbound,Manhattan,-73.85147,40.679843,Elevated,A,Q,88 St,Liberty Av,IND,A60,191,191,0,0,0
POINT (-73.992629 40.730328),,true,Downtown,Uptown,-73.992629,40.730328,Subway,R W,M,8 St-NYU,Broadway - Brighton,BMT,R21,16,16,0,0,0
POINT (-73.979137 40.597473),,false,Coney Island,Manhattan,-73.979137,40.597473,Open Cut,N,Bk,Avenue U,Sea Beach,BMT,N09,78,78,0,0,0
POINT (-73.918425 40.703811),,false,Outbound,Manhattan,-73.918425,40.703811,Subway,L,Bk,DeKalb Av,Canarsie,BMT,L16,127,127,0,0,0
POINT (-73.979917 40.783934),,false,Downtown,Uptown,-73.979917,40.783934,Subway,1,M,79 St,Broadway - 7Av,IRT,122,312,312,0,0,0
POINT (-74.003549 40.655144),,false,Southbound,Manhattan,-74.003549,40.655144,Subway,D N R,Bk,36 St,4th Av,BMT,R36,32,32,0,0,0
POINT (-73.837324 40.718331),,false,Manhattan,Jamaica,-73.837324,40.718331,Subway,E F,Q,75 Av,Queens Blvd,IND,F07,260,260,0,0,0
POINT (-73.916559 40.68637),,false,Manhattan,Outbound,-73.916559,40.68637,Elevated,J,Bk,Halsey St,Jamaica,BMT,J29,94,94,0,0,0
POINT (-73.890549 40.820948),,false,Manhattan,Northbound,-73.890549,40.820948,Subway,6,Bx,Hunts Point Av,Pelham,IRT,613,371,371,1,1,1
POINT (-73.993728 40.601875),,false,Southbound,Manhattan,-73.993728,40.601875,Elevated,D,Bk,Bay Pkwy,West End,BMT,B21,68,68,1,1,1
POINT (-73.912385 40.69943),,false,Middle Village,Inbound,-73.912385,40.69943,Elevated,M,Bk,Myrtle-Wyckoff Avs,Myrtle Av,BMT,M08,630,112,1,1,1
POINT (-73.897174 40.86776),,false,Manhattan,Northbound,-73.897174,40.86776,Elevated,4,Bx,Kingsbridge Rd,Jerome Av,IRT,406,381,381,0,0,0
POINT (-74.007691 40.710197),,true,Brooklyn,Uptown,-74.007691,40.710197,Subway,A C,M,Fulton St,8th Av - Fulton St,IND,A38,628,172,1,1,1
POINT (-73.898654 40.676992),,false,Manhattan,Outbound,-73.898654,40.676992,Elevated,J Z,Bk,Alabama Av,Jamaica,BMT,J24,91,91,0,0,0
POINT (-73.990173 40.713715),,true,Brooklyn,Uptown,-73.990173,40.713715,Subway,F,M,East Broadway,6th Av - Culver,IND,F16,234,234,0,0,0
POINT (-73.986229 40.755983),,true,Grand Central,Last Stop,-73.986229,40.755983,Subway,S,M,Times Sq-42 St,Lexington - Shuttle,IRT,902,611,468,1,1,1
POINT (-73.872106 40.675377),,false,Queens,Manhattan,-73.872106,40.675377,Subway,A C,Bk,Euclid Av,8th Av - Fulton St,IND,A55,188,188,1,1,1
POINT (-74.200064 40.525507),,false,South Shore,Ferry,-74.200064,40.525507,Open Cut,SIR,SI,Prince's Bay,Staten Island,SIR,S15,517,517,0,0,0
POINT (-73.99107 40.730054),,true,Downtown,Uptown,-73.99107,40.730054,Subway,6,M,Astor Pl,Lexington Av,IRT,636,407,407,0,0,0
POINT (-73.897749 40.861296),,false,Manhattan,Northbound,-73.897749,40.861296,Subway,B D,Bx,Fordham Rd,Concourse,IND,D05,213,213,0,0,0
POINT (-73.947649 40.817894),,false,Downtown,Uptown,-73.947649,40.817894,Subway,C B,M,135 St,8th Av - Fulton St,IND,A14,152,152,0,0,0
POINT (-73.994304 40.640914),,false,Southbound,Manhattan,-73.994304,40.640914,Elevated,D,Bk,Fort Hamilton Pkwy,West End,BMT,B13,60,60,0,0,0
POINT (-74.007582 40.710374),,true,Downtown,Brooklyn,-74.007582,40.710374,Subway,J Z,M,Fulton St,Jamaica,BMT,M22,628,106,1,1,1
POINT (-73.855334 40.75173),,false,Manhattan,Outbound,-73.855334,40.75173,Elevated,7,Q,111 St,Flushing,IRT,705,449,449,0,0,0
POINT (-73.904046 40.688764),Manhattan-bound only,false,Outbound,Manhattan,-73.904046,40.688764,Subway,L,Bk,Wilson Av,Canarsie,BMT,L20,130,130,0,1,2
POINT (-73.917791 40.840075),,false,Manhattan,Northbound,-73.917791,40.840075,Elevated,4,Bx,170 St,Jerome Av,IRT,412,387,387,1,1,1
POINT (-73.87255 40.689941),,false,Manhattan,Queens,-73.87255,40.689941,Elevated,J,Bk,Cypress Hills,Jamaica,BMT,J19,86,86,0,0,0
POINT (-73.949046 40.694568),,false,Southbound,Queens,-73.949046,40.694568,Subway,G,Bk,Myrtle-Willoughby Avs,Crosstown,IND,G32,288,288,0,0,0
POINT (-73.981637 40.762862),,true,Downtown,Outbound,-73.981637,40.762862,Subway,E B D,M,7 Av,Queens Blvd,IND,D14,277,277,0,0,0
POINT (-73.991777 40.6941),,false,Southbound,Manhattan,-73.991777,40.6941,Subway,R,Bk,Court St,Broadway,BMT,R28,620,24,0,0,0
POINT (-73.907657 40.808719),,false,Manhattan,Northbound,-73.907657,40.808719,Subway,6,Bx,E 143 St-St Mary's St,Pelham,IRT,616,374,374,0,0,0
POINT (-73.939892 40.836013),,false,Downtown,Uptown,-73.939892,40.836013,Subway,C,M,163 St-Amsterdam Av,8th Av - Fulton St,IND,A10,149,149,0,0,0
POINT (-73.755405 40.603995),,false,Last Stop,Manhattan,-73.755405,40.603995,Viaduct,A,Q,Far Rockaway-Mott Av,Rockaway,IND,H11,209,209,1,1,1
POINT (-73.962982 40.650527),,false,Southbound,Manhattan,-73.962982,40.650527,Open Cut,B Q,Bk,Church Av,Broadway - Brighton,BMT,D28,44,44,1,1,1
POINT (-73.861604 40.729846),,false,Manhattan,Outbound,-73.861604,40.729846,Subway,M R,Q,63 Dr-Rego Park,Queens Blvd,IND,G10,263,263,0,0,0
POINT (-74.006277 40.722854),,true,Downtown,Uptown,-74.006277,40.722854,Subway,1,M,Canal St,Broadway - 7Av,IRT,135,325,325,0,0,0
POINT (-73.966113 40.764629),,false,Downtown,Uptown & Queens,-73.966113,40.764629,Subway,M Q,M,Lexington Av/63 St,63rd St,IND,B08,223,223,1,1,1
POINT (-73.86001 40.692435),,false,Manhattan,Jamaica,-73.86001,40.692435,Elevated,J,Q,85 St-Forest Pkwy,Jamaica,BMT,J16,84,84,0,0,0
POINT (-73.990414 40.620671),,false,Coney Island,Manhattan,-73.990414,40.620671,Open Cut,N,Bk,18 Av,Sea Beach,BMT,N05,74,74,0,0,0
POINT (-73.920786 40.678822),,false,Outbound,Manhattan,-73.920786,40.678822,Subway,C,Bk,Ralph Av,8th Av - Fulton St,IND,A49,182,182,0,0,0
POINT (-73.91924 40.807566),,false,Manhattan,Northbound,-73.91924,40.807566,Subway,6,Bx,Brook Av,Pelham,IRT,618,376,376,0,0,0
POINT (-73.94077 40.814229),,false,Downtown,Uptown,-73.94077,40.814229,Subway,2 3,M,135 St,Lenox - White Plains Rd,IRT,224,438,438,1,1,1
POINT (-73.988691 40.745494),,true,Downtown,Uptown,-73.988691,40.745494,Subway,R W,M,28 St,Broadway - Brighton,BMT,R18,13,13,0,0,0
POINT (-73.945264 40.747023),,false,Manhattan,Outbound,-73.945264,40.747023,Elevated,7,Q,Court Sq,Flushing,IRT,719,606,462,1,1,1
POINT (-73.768175 40.595398),,false,Far Rockaway,Manhattan,-73.768175,40.595398,Viaduct,A,Q,Beach 36 St,Rockaway,IND,H09,207,207,0,0,0
POINT (-73.944053 40.714565),,false,Outbound,Manhattan,-73.944053,40.714565,Subway,L,Bk,Graham Av,Canarsie,BMT,L11,122,122,0,0,0
POINT (-73.837683 40.681711),,false,Ozone Park,Manhattan,-73.837683,40.681711,Elevated,A,Q,104 St,Liberty Av,IND,A63,193,193,0,0,0
POINT (-73.97192 40.757107),,true,Downtown,Uptown,-73.97192,40.757107,Subway,6,M,51 St,Lexington Av,IRT,630,612,401,1,1,1
POINT (-73.90324 40.678856),,false,Outbound,Manhattan,-73.90324,40.678856,Elevated,L,Bk,Broadway Junction,Canarsie,BMT,L22,621,132,0,0,0
POINT (-73.954155 40.586896),,false,Southbound,Manhattan,-73.954155,40.586896,Open Cut,B Q,Bk,Sheepshead Bay,Broadway - Brighton,BMT,D39,54,54,1,1,1
POINT (-73.989779 40.670272),,false,Southbound,Northbound,-73.989779,40.670272,Viaduct,F G,Bk,4 Av-9 St,6th Av - Culver,IND,F23,608,239,0,0,0
POINT (-74.242096 40.516578),,false,Tottenville,Ferry,-74.242096,40.516578,At Grade,SIR,SI,Arthur Kill,Staten Island,SIR,S11,523,523,1,1,1
POINT (-73.844521 40.721691),,false,Manhattan,Outbound,-73.844521,40.721691,Subway,E F M R,Q,Forest Hills-71 Av,Queens Blvd,IND,G08,261,261,1,1,1
POINT (-74.028398 40.622687),,false,Bay Ridge,Manhattan,-74.028398,40.622687,Subway,R,Bk,86 St,4th Av,BMT,R44,38,38,1,1,1
POINT (-73.964375 40.671987),,false,Outbound,Manhattan,-73.964375,40.671987,Subway,2 3,Bk,Eastern Pkwy-Brooklyn Museum,Eastern Pky,IRT,238,341,341,1,1,1
POINT (-74.013342 40.70722),,true,Downtown,Uptown,-74.013342,40.70722,Subway,R W,M,Rector St,Broadway,BMT,R26,22,22,0,0,0
POINT (-73.807969 40.700486),,false,Manhattan,Jamaica,-73.807969,40.700486,Subway,E J Z,Q,Sutphin Blvd-Archer Av-JFK Airport,Queens - Archer,IND,G06,279,279,1,1,1
POINT (-73.939704 40.847391),,false,Downtown,Uptown,-73.939704,40.847391,Subway,A,M,175 St,8th Av - Fulton St,IND,A07,147,147,1,1,1
POINT (-73.996786 40.737335),,true,Brooklyn,West Side,-73.996786,40.737335,Subway,L,M,6 Av,Canarsie,BMT,L02,601,116,1,1,1
POINT (-73.911794 40.84848),,false,Manhattan,Northbound,-73.911794,40.84848,Elevated,4,Bx,176 St,Jerome Av,IRT,410,385,385,0,0,0
POINT (-74.084087 40.603117),,false,South Shore,Ferry,-74.084087,40.603117,Open Cut,SIR,SI,Grasmere,Staten Island,SIR,S27,505,505,0,0,0
POINT (-73.976218 40.788644),,false,Downtown,Uptown,-73.976218,40.788644,Subway,1,M,86 St,Broadway - 7Av,IRT,121,311,311,0,0,0
POINT (-73.953431 40.70687),,false,Manhattan,Outbound,-73.953431,40.70687,Elevated,M J,Bk,Hewes St,Jamaica,BMT,M14,100,100,0,0,0
POINT (-74.003739 40.726227),Downtown only,true,Downtown,Uptown,-74.003739,40.726227,Subway,C E,M,Spring St,8th Av - Fulton St,IND,A33,168,168,1,0,2
POINT (-73.967258 40.76266),,true,Downtown,Queens,-73.967258,40.76266,Subway,N R W,M,Lexington Av/59 St,Astoria,BMT,R11,613,7,0,0,0
POINT (-73.996204 40.725297),,true,Downtown,Uptown,-73.996204,40.725297,Subway,B D F M,M,Broadway-Lafayette St,6th Av - Culver,IND,D21,619,230,1,1,1
POINT (-73.867618 40.831509),,false,Manhattan,Northbound,-73.867618,40.831509,Elevated,6,Bx,St Lawrence Av,Pelham,IRT,609,367,367,0,0,0
POINT (-74.005351 40.631386),,false,Coney Island,Manhattan,-74.005351,40.631386,Open Cut,N,Bk,Fort Hamilton Pkwy,Sea Beach,BMT,N03,72,72,0,0,0
POINT (-73.854376 40.898379),,false,Manhattan,Northbound,-73.854376,40.898379,Elevated,2 5,Bx,Nereid Av,Lenox - White Plains Rd,IRT,204,417,417,0,0,0
POINT (-73.98311 40.677316),,false,Southbound,Manhattan,-73.98311,40.677316,Subway,R,Bk,Union St,4th Av,BMT,R32,28,28,0,0,0
POINT (-73.803326 40.707564),,false,Manhattan,Jamaica,-73.803326,40.707564,Subway,F,Q,Parsons Blvd,Queens Blvd,IND,F03,256,256,0,0,0
POINT (-73.926718 40.81841),,false,Manhattan,Northbound,-73.926718,40.81841,Subway,2 5,Bx,149 St-Grand Concourse,Lenox - White Plains Rd,IRT,222,603,435,0,0,0
POINT (-73.985984 40.762456),Downtown only,true,Downtown,Uptown,-73.985984,40.762456,Subway,C E,M,50 St,8th Av - Fulton St,IND,A25,162,162,1,0,2
POINT (-73.898583 40.889248),,false,Manhattan,Last Stop,-73.898583,40.889248,Elevated,1,Bx,Van Cortlandt Park-242 St,Broadway - 7Av,IRT,101,293,293,0,0,0
POINT (-73.83003 40.7596),,false,Manhattan,Last Stop,-73.83003,40.7596,Subway,7,Q,Flushing-Main St,Flushing,IRT,701,447,447,1,1,1
POINT (-73.928781 40.752039),,false,Manhattan,Outbound,-73.928781,40.752039,Subway,M R,Q,36 St,Queens Blvd,IND,G20,272,272,0,0,0
POINT (-73.953581 40.742626),,false,Manhattan,Outbound,-73.953581,40.742626,Subway,7,Q,Vernon Blvd-Jackson Av,Flushing,IRT,721,464,464,0,0,0
POINT (-73.965838 40.683263),,false,Outbound,Manhattan,-73.965838,40.683263,Subway,C,Bk,Clinton-Washington Avs,8th Av - Fulton St,IND,A44,177,177,0,0,0
POINT (-73.982076 40.746081),,true,Downtown,Uptown,-73.982076,40.746081,Subway,6,M,33 St,Lexington Av,IRT,632,403,403,0,0,0
POINT (-73.987437 40.718315),,true,Inbound,Brooklyn,-73.987437,40.718315,Subway,M J Z,M,Delancey St-Essex St,Jamaica,BMT,M18,625,102,0,0,0
POINT (-73.97689 40.68446),,false,Southbound,Manhattan,-73.97689,40.68446,Subway,B Q,Bk,Atlantic Av-Barclays Ctr,Broadway - Brighton,BMT,D24,617,40,1,1,1
POINT (-73.950466 40.669847),,false,Outbound,Manhattan,-73.950466,40.669847,Subway,3,Bk,Nostrand Av,Eastern Pky,IRT,248,343,343,0,0,0
POINT (-73.993391 40.752287),,true,Downtown,Uptown,-73.993391,40.752287,Subway,A C E,M,34 St-Penn Station,8th Av - Fulton St,IND,A28,164,164,1,1,1
POINT (-73.981329 40.758663),,true,Downtown,Uptown,-73.981329,40.758663,Subway,B D F M,M,47-50 Sts-Rockefeller Ctr,6th Av - Culver,IND,D15,225,225,1,1,1
POINT (-73.940202 40.750582),,false,Manhattan,Outbound,-73.940202,40.750582,Elevated,7,Q,Queensboro Plaza,Flushing,IRT,718,461,461,1,1,1
POINT (-73.95085 40.662742),,false,Flatbush,Manhattan,-73.95085,40.662742,Subway,2 5,Bk,Sterling St,Nostrand,IRT,242,354,354,0,0,0
POINT (-73.972361 40.603217),,false,Southbound,Manhattan,-73.972361,40.603217,Elevated,F,Bk,Kings Hwy,6th Av - Culver,IND,F35,250,250,0,0,0
POINT (-73.900571 40.664038),,false,Canarsie,Manhattan,-73.900571,40.664038,Elevated,L,Bk,Livonia Av,Canarsie,BMT,L26,135,135,1,1,1
POINT (-74.000495 40.732338),,true,Downtown,Uptown,-74.000495,40.732338,Subway,A C E,M,W 4 St-Wash Sq,8th Av - Fulton St,IND,A32,167,167,1,1,1
POINT (-73.927351 40.818375),,false,Manhattan,Northbound,-73.927351,40.818375,Subway,4,Bx,149 St-Grand Concourse,Jerome Av,IRT,415,603,390,0,0,0
POINT (-73.950426 40.680438),,false,Outbound,Manhattan,-73.950426,40.680438,Subway,A C,Bk,Nostrand Av,8th Av - Fulton St,IND,A46,179,179,0,0,0
POINT (-73.948959 40.645098),,false,Flatbush,Manhattan,-73.948959,40.645098,Subway,2 5,Bk,Beverly Rd,Nostrand,IRT,245,357,357,0,0,0
POINT (-73.851222 40.834255),,false,Manhattan,Pelham Bay,-73.851222,40.834255,Elevated,6,Bx,Castle Hill Av,Pelham,IRT,607,365,365,0,0,0
POINT (-73.979493 40.660365),,false,Southbound,Northbound,-73.979493,40.660365,Subway,F G,Bk,15 St-Prospect Park,6th Av - Culver,IND,F25,241,241,0,0,0
POINT (-73.980658 40.764664),,true,Downtown,Uptown,-73.980658,40.764664,Subway,N Q R W,M,57 St-7 Av,Broadway - Brighton,BMT,R14,9,9,1,1,1
POINT (-73.903879 40.858407),,false,Manhattan,Northbound,-73.903879,40.858407,Elevated,4,Bx,183 St,Jerome Av,IRT,408,383,383,0,0,0
POINT (-73.983765 40.588841),,false,Coney Island,Manhattan,-73.983765,40.588841,Elevated,D,Bk,Bay 50 St,West End,BMT,B23,70,70,0,0,0
POINT (-73.981824 40.690635),,false,Southbound,Manhattan,-73.981824,40.690635,Subway,B Q R,Bk,DeKalb Av,Broadway - Brighton,BMT,R30,26,26,1,1,1
POINT (-73.907807 40.81649),,false,Manhattan,Northbound,-73.907807,40.81649,Elevated,2 5,Bx,Jackson Av,Lenox - White Plains Rd,IRT,220,433,433,0,0,0
POINT (-73.975264 40.620769),,false,Southbound,Manhattan,-73.975264,40.620769,Elevated,F,Bk,Bay Pkwy,6th Av - Culver,IND,F32,247,247,0,0,0
POINT (-73.995657 40.744081),,true,Downtown,Uptown,-73.995657,40.744081,Subway,1,M,23 St,Broadway - 7Av,IRT,130,320,320,0,0,0
POINT (-73.904834 40.878856),,false,Manhattan,Van Cortlandt,-73.904834,40.878856,Elevated,1,Bx,231 St,Broadway - 7Av,IRT,104,295,295,1,1,1
POINT (-73.860341 40.888022),,false,Manhattan,Northbound,-73.860341,40.888022,Elevated,2 5,Bx,225 St,Lenox - White Plains Rd,IRT,206,419,419,0,0,0
POINT (-73.855359 40.858985),,false,Manhattan,Eastchester,-73.855359,40.858985,Open Cut,5,Bx,Pelham Pkwy,Dyre Av,IRT,504,445,445,0,0,0
POINT (-74.09609 40.588849),,false,South Shore,Ferry,-74.09609,40.588849,Embankment,SIR,SI,Dongan Hills,Staten Island,SIR,S25,507,507,1,1,1
POINT (-73.986122 40.732849),,true,Brooklyn,West Side,-73.986122,40.732849,Subway,L,M,3 Av,Canarsie,BMT,L05,118,118,0,0,0
POINT (-73.968501 40.576312),,false,Coney Island,Manhattan,-73.968501,40.576312,Elevated,Q,Bk,Ocean Pkwy,Broadway - Brighton,BMT,D41,56,56,0,0,0
POINT (-73.981963 40.753821),,true,Hudson Yards,Queens,-73.981963,40.753821,Subway,7,M,5 Av,Flushing,IRT,724,609,466,0,0,0
POINT (-73.884079 40.666235),,false,Last Stop,Manhattan,-73.884079,40.666235,Elevated,3,Bk,New Lots Av,Eastern Pky,IRT,257,352,352,0,0,0
POINT (-73.999892 40.718092),,true,Downtown,Brooklyn,-73.999892,40.718092,Subway,J Z,M,Canal St,Jamaica,BMT,M20,623,104,0,0,0
POINT (-73.869527 40.749145),,false,Manhattan,Outbound,-73.869527,40.749145,Elevated,7,Q,Junction Blvd,Flushing,IRT,707,451,451,1,1,1
POINT (-73.95036 40.826551),,false,Downtown,Uptown,-73.95036,40.826551,Subway,1,M,145 St,Broadway - 7Av,IRT,114,304,304,0,0,0
POINT (-73.981233 40.577422),,false,Last Stop,Manhattan,-73.981233,40.577422,Viaduct,D F N Q,Bk,Coney Island-Stillwell Av,Sea Beach / West End / Culver / Brighton,BMT,D43,58,58,1,1,1
POINT (-73.926138 40.810476),,false,Manhattan,Northbound,-73.926138,40.810476,Subway,6,Bx,3 Av-138 St,Pelham,IRT,619,377,377,0,0,0
POINT (-73.880039 40.68141),,false,Manhattan,Outbound,-73.880039,40.68141,Elevated,J Z,Bk,Norwood Av,Jamaica,BMT,J21,88,88,0,0,0
POINT (-73.987823 40.749719),,true,Downtown,Uptown,-73.987823,40.749719,Subway,B D F M,M,34 St-Herald Sq,6th Av - Culver,IND,D17,607,227,1,1,1
POINT (-73.867164 40.871356),,false,Manhattan,Northbound,-73.867164,40.871356,Elevated,2 5,Bx,Burke Av,Lenox - White Plains Rd,IRT,209,422,422,0,0,0
POINT (-73.887138 40.873244),,false,Manhattan,Northbound,-73.887138,40.873244,Subway,B D,Bx,Bedford Park Blvd,Concourse,IND,D03,211,211,1,1,1
POINT (-73.989951 40.734673),,true,Downtown,Uptown,-73.989951,40.734673,Subway,4 5 6,M,14 St-Union Sq,Lexington Av,IRT,635,602,406,0,0,0
POINT (-73.962246 40.661614),,false,Southbound,Northbound,-73.962246,40.661614,Open Cut,B Q S,Bk,Prospect Park,Broadway - Brighton,BMT,D26,42,42,1,1,1
POINT (-74.009266 40.715478),,true,Downtown,Uptown,-74.009266,40.715478,Subway,1 2 3,M,Chambers St,Broadway - 7Av,IRT,137,327,327,1,1,1
POINT (-73.944216 40.824783),,false,Downtown,Uptown,-73.944216,40.824783,Subway,B D,M,145 St,Concourse,IND,D13,151,151,0,0,0
POINT (-73.986754 40.754672),,true,Downtown,Uptown,-73.986754,40.754672,Subway,N Q R W,M,Times Sq-42 St,Broadway - Brighton,BMT,R16,611,11,1,1,1
POINT (-73.942836 40.754203),,false,Manhattan,Outbound,-73.942836,40.754203,Subway,M,Q,21 St-Queensbridge,63rd St,IND,B04,221,221,1,1,1
POINT (-73.979678 40.644041),,false,Southbound,Northbound,-73.979678,40.644041,Subway,F G,Bk,Church Av,6th Av - Culver,IND,F27,243,243,1,1,1
POINT (-73.947642 40.632836),,false,Last Stop,Manhattan,-73.947642,40.632836,Subway,2 5,Bk,Flatbush Av-Brooklyn College,Nostrand,IRT,247,359,359,1,1,1
POINT (-73.97641 40.775594),,false,Downtown,Uptown,-73.97641,40.775594,Subway,C B,M,72 St,8th Av - Fulton St,IND,A22,160,160,0,0,0
POINT (-73.981848 40.611815),,false,Coney Island,Manhattan,-73.981848,40.611815,Open Cut,N,Bk,Bay Pkwy,Sea Beach,BMT,N07,76,76,0,0,0
POINT (-73.977666 40.684359),,false,Outbound,Manhattan,-73.977666,40.684359,Subway,2 3 4 5,Bk,Atlantic Av-Barclays Ctr,Eastern Pky,IRT,235,617,338,1,1,1
POINT (-73.918822 40.864621),,false,Downtown,The Bronx,-73.918822,40.864621,Elevated,1,M,207 St,Broadway - 7Av,IRT,108,298,298,0,0,0
POINT (-74.109704 40.578965),,false,South Shore,Ferry,-74.109704,40.578965,Open Cut,SIR,SI,Grant City,Staten Island,SIR,S23,509,509,0,0,0
POINT (-73.825798 40.685951),,false,Last Stop,Manhattan,-73.825798,40.685951,Elevated,A,Q,Ozone Park-Lefferts Blvd,Liberty Av,IND,A65,195,195,1,1,1
POINT (-74.000201 40.737826),,true,Downtown,Uptown,-74.000201,40.737826,Subway,1 2 3,M,14 St,Broadway - 7Av,IRT,132,601,322,1,1,1
POINT (-73.956872 40.717304),,false,Outbound,Manhattan,-73.956872,40.717304,Subway,L,Bk,Bedford Av,Canarsie,BMT,L08,120,120,1,1,1
POINT (-73.949724 40.744065),,false,Brooklyn,Court Square,-73.949724,40.744065,Subway,G,Q,21 St,Crosstown,IND,G24,282,282,0,0,0
POINT (-73.968379 40.799446),,false,Downtown,Uptown,-73.968379,40.799446,Subway,1,M,103 St,Broadway - 7Av,IRT,119,309,309,0,0,0
POINT (-74.191794 40.533674),,false,South Shore,Ferry,-74.191794,40.533674,Open Cut,SIR,SI,Huguenot,Staten Island,SIR,S16,516,516,0,0,0
POINT (-73.962793 40.635082),,false,Southbound,Manhattan,-73.962793,40.635082,Open Cut,B Q,Bk,Newkirk Plaza,Broadway - Brighton,BMT,D31,47,47,0,0,0
POINT (-73.998091 40.660397),,false,Southbound,Manhattan,-73.998091,40.660397,Subway,R,Bk,25 St,4th Av,BMT,R35,31,31,0,0,0
POINT (-73.987495 40.75529),,true,Downtown,Uptown,-73.987495,40.75529,Subway,1 2 3,M,Times Sq-42 St,Broadway - 7Av,IRT,127,611,317,1,1,1
POINT (-74.009509 40.710368),,true,Downtown,Uptown,-74.009509,40.710368,Subway,4 5,M,Fulton St,Lexington Av,IRT,418,628,412,1,1,1
POINT (-73.874516 40.829521),,false,Manhattan,Northbound,-73.874516,40.829521,Elevated,6,Bx,Morrison Av-Soundview,Pelham,IRT,610,368,368,0,0,0
POINT (-73.793604 40.71047),,false,Manhattan,Jamaica,-73.793604,40.71047,Subway,F,Q,169 St,Queens Blvd,IND,F02,255,255,0,0,0
POINT (-73.887734 40.837288),,false,Manhattan,Northbound,-73.887734,40.837288,Elevated,2 5,Bx,174 St,Lenox - White Plains Rd,IRT,215,428,428,0,0,0
POINT (-73.958424 40.768799),,false,Downtown,Uptown,-73.958424,40.768799,Subway,Q,M,72 St,Second Av,IND,Q03,477,477,1,1,1
POINT (-73.906006 40.752885),,false,Manhattan,Outbound,-73.906006,40.752885,Subway,M R,Q,Northern Blvd,Queens Blvd,IND,G16,269,269,1,1,1
POINT (-73.953676 40.822008),,false,Downtown,Uptown,-73.953676,40.822008,Subway,1,M,137 St-City College,Broadway - 7Av,IRT,115,305,305,0,0,0
POINT (-73.989938 40.723402),,true,Downtown,Uptown,-73.989938,40.723402,Subway,F,M,2 Av,6th Av - Culver,IND,F14,232,232,0,0,0
POINT (-73.954882 40.805085),,false,Downtown,Uptown,-73.954882,40.805085,Subway,C B,M,116 St,8th Av - Fulton St,IND,A16,154,154,0,0,0
POINT (-73.813641 40.588034),,false,Rockaway Park,Inbound,-73.813641,40.588034,Viaduct,A S,Q,Beach 90 St,Rockaway,IND,H12,200,200,0,0,0
POINT (-73.902984 40.74563),,false,Manhattan,Outbound,-73.902984,40.74563,Elevated,7,Q,61 St-Woodside,Flushing,IRT,712,456,456,1,1,1
POINT (-73.94425 40.79502),,false,Downtown,The Bronx,-73.94425,40.79502,Subway,6,M,110 St,Lexington Av,IRT,623,394,394,0,0,0
POINT (-73.925508 40.76182),,false,Manhattan,Astoria,-73.925508,40.76182,Elevated,N W,Q,Broadway,Astoria,BMT,R05,4,4,0,0,0
POINT (-73.950683 40.667883),,false,Flatbush,Manhattan,-73.950683,40.667883,Subway,2 5,Bk,President St-Medgar Evers College,Nostrand,IRT,241,353,353,0,0,0
POINT (-73.966839 40.688089),,false,Southbound,Queens,-73.966839,40.688089,Subway,G,Bk,Clinton-Washington Avs,Crosstown,IND,G35,291,291,0,0,0
POINT (-73.990568 40.735736),,true,Downtown,Uptown,-73.990568,40.735736,Subway,N Q R W,M,14 St-Union Sq,Broadway - Brighton,BMT,R20,602,15,1,1,1
POINT (-73.90185 40.646654),,false,Last Stop,Manhattan,-73.90185,40.646654,At Grade,L,Bk,Canarsie-Rockaway Pkwy,Canarsie,BMT,L29,138,138,1,1,1
POINT (-73.858992 40.679371),,false,Outbound,Manhattan,-73.858992,40.679371,Elevated,A,Q,80 St,Liberty Av,IND,A59,190,190,0,0,0
POINT (-73.996895 40.626472),,false,Southbound,Manhattan,-73.996895,40.626472,Elevated,D,Bk,62 St,West End,BMT,B16,615,63,1,1,1
POINT (-73.910136 40.8459),,false,Manhattan,Northbound,-73.910136,40.8459,Subway,B D,Bx,174-175 Sts,Concourse,IND,D08,216,216,0,0,0
POINT (-74.005229 40.720824),,true,Downtown,Uptown,-74.005229,40.720824,Subway,A C E,M,Canal St,8th Av - Fulton St,IND,A34,169,169,0,0,0
POINT (-73.998168 40.604556),,false,Southbound,Manhattan,-73.998168,40.604556,Elevated,D,Bk,20 Av,West End,BMT,B20,67,67,0,0,0
POINT (-73.922913 40.706607),,false,Outbound,Manhattan,-73.922913,40.706607,Subway,L,Bk,Jefferson St,Canarsie,BMT,L15,126,126,0,0,0
POINT (-73.889601 40.711396),,false,Last Stop,Inbound,-73.889601,40.711396,Elevated,M,Q,Middle Village-Metropolitan Av,Myrtle Av,BMT,M01,108,108,1,1,1
POINT (-73.886283 40.826525),,false,Manhattan,Northbound,-73.886283,40.826525,Elevated,6,Bx,Whitlock Av,Pelham,IRT,612,370,370,0,0,0
POINT (-73.93985 40.707739),,false,Outbound,Manhattan,-73.93985,40.707739,Subway,L,Bk,Montrose Av,Canarsie,BMT,L13,124,124,0,0,0
POINT (-74.010006 40.648939),,false,Southbound,Manhattan,-74.010006,40.648939,Subway,R,Bk,45 St,4th Av,BMT,R39,33,33,0,0,0
POINT (-73.92227 40.68963),,false,Manhattan,Outbound,-73.92227,40.68963,Elevated,J Z,Bk,Gates Av,Jamaica,BMT,J30,95,95,0,0,0
POINT (-73.904512 40.679498),,false,Manhattan,Outbound,-73.904512,40.679498,Elevated,J Z,Bk,Broadway Junction,Jamaica,BMT,J27,621,92,0,0,0
POINT (-73.882017 40.742454),,false,Manhattan,Outbound,-73.882017,40.742454,Subway,M R,Q,Elmhurst Av,Queens Blvd,IND,G13,266,266,0,0,0
POINT (-74.16457 40.544601),,false,South Shore,Ferry,-74.16457,40.544601,Embankment,SIR,SI,Eltingville,Staten Island,SIR,S18,514,514,0,0,0
POINT (-73.873488 40.841894),,false,Manhattan,Northbound,-73.873488,40.841894,Elevated,2 5,Bx,E 180 St,Lenox - White Plains Rd,IRT,213,426,426,1,1,1
POINT (-73.88075 40.67413),,false,Outbound,Manhattan,-73.88075,40.67413,Subway,C,Bk,Shepherd Av,8th Av - Fulton St,IND,A54,187,187,0,0,0
POINT (-73.974574 40.581011),,false,Coney Island,Manhattan,-73.974574,40.581011,Elevated,F,Bk,Neptune Av,6th Av - Culver,IND,F39,253,253,0,0,0
POINT (-74.0091 40.706821),,true,Brooklyn,Uptown,-74.0091,40.706821,Subway,2 3,M,Wall St,Clark St,IRT,230,333,333,0,0,0
POINT (-73.92074 40.756879),,false,Manhattan,Outbound,-73.92074,40.756879,Subway,M R,Q,Steinway St,Queens Blvd,IND,G19,271,271,0,0,0
POINT (-73.947152 40.784318),,false,Downtown,Last Stop,-73.947152,40.784318,Subway,Q,M,96 St,Second Av,IND,Q05,475,475,1,1,1
POINT (-74.000193 40.718803),,true,Downtown,Uptown,-74.000193,40.718803,Subway,6,M,Canal St,Lexington Av,IRT,639,623,410,1,1,1
POINT (-73.9134 40.839306),,false,Manhattan,Northbound,-73.9134,40.839306,Subway,B D,Bx,170 St,Concourse,IND,D09,217,217,0,0,0
POINT (-74.251961 40.512764),,false,Last Stop,Ferry,-74.251961,40.512764,At Grade,SIR,SI,Tottenville,Staten Island,SIR,S09,522,522,1,1,1
POINT (-73.973946 40.686113),,false,Outbound,Manhattan,-73.973946,40.686113,Subway,C,Bk,Lafayette Av,8th Av - Fulton St,IND,A43,176,176,0,0,0
POINT (-73.961454 40.796092),,false,Downtown,Uptown,-73.961454,40.796092,Subway,C B,M,103 St,8th Av - Fulton St,IND,A18,156,156,0,0,0
POINT (-73.995959 40.67358),,false,Southbound,Northbound,-73.995959,40.67358,Viaduct,F G,Bk,Smith-9 Sts,6th Av - Culver,IND,F22,238,238,0,0,0
POINT (-73.95107 40.785672),,false,Downtown,The Bronx,-73.95107,40.785672,Subway,6,M,96 St,Lexington Av,IRT,625,396,396,0,0,0
POINT (-73.878751 40.886037),,false,Manhattan,Last Stop,-73.878751,40.886037,Elevated,4,Bx,Woodlawn,Jerome Av,IRT,401,378,378,0,0,0
POINT (-74.002578 40.739777),,true,Brooklyn,Last Stop,-74.002578,40.739777,Subway,L,M,8 Av,Canarsie,BMT,L01,618,115,1,1,1
POINT (-73.949625 40.802098),,false,Downtown,Uptown,-73.949625,40.802098,Subway,2 3,M,116 St,Lenox - White Plains Rd,IRT,226,440,440,0,0,0
POINT (-73.905316 40.678334),,false,Outbound,Manhattan,-73.905316,40.678334,Subway,A C,Bk,Broadway Junction,8th Av - Fulton St,IND,A51,621,184,0,0,0
POINT (-73.951418 40.712792),,false,Southbound,Queens,-73.951418,40.712792,Subway,G,Bk,Metropolitan Av,Crosstown,IND,G29,629,285,1,1,1
POINT (-73.918435 40.743132),,false,Manhattan,Outbound,-73.918435,40.743132,Elevated,7,Q,46 St-Bliss St,Flushing,IRT,714,458,458,0,0,0
POINT (-73.955161 40.595246),,false,Southbound,Manhattan,-73.955161,40.595246,Open Cut,Q,Bk,Neck Rd,Broadway - Brighton,BMT,D38,53,53,0,0,0
POINT (-73.917843 40.770258),,false,Manhattan,Astoria,-73.917843,40.770258,Elevated,N W,Q,Astoria Blvd,Astoria,BMT,R03,2,2,1,1,1
POINT (-73.90177 40.819585),,false,Manhattan,Northbound,-73.90177,40.819585,Elevated,2 5,Bx,Prospect Av,Lenox - White Plains Rd,IRT,219,432,432,0,0,0
POINT (-73.97823 40.592721),,false,Coney Island,Manhattan,-73.97823,40.592721,Open Cut,N,Bk,86 St,Sea Beach,BMT,N10,79,79,0,0,0
POINT (-73.911586 40.699814),,false,Outbound,Manhattan,-73.911586,40.699814,Subway,L,Bk,Myrtle-Wyckoff Avs,Canarsie,BMT,L17,630,128,1,1,1
POINT (-73.997702 40.724329),,true,Downtown,Uptown,-73.997702,40.724329,Subway,R W,M,Prince St,Broadway - Brighton,BMT,R22,17,17,0,0,0
POINT (-73.935657 40.697207),,false,Manhattan,Outbound,-73.935657,40.697207,Elevated,M J Z,Bk,Myrtle Av,Jamaica,BMT,M11,97,97,0,0,0
POINT (-74.00046 40.718383),,true,Downtown,Uptown,-74.00046,40.718383,Subway,N Q,M,Canal St,Manhattan Bridge,BMT,Q01,623,19,0,0,0
POINT (-73.891688 40.678024),,false,Manhattan,Outbound,-73.891688,40.678024,Elevated,J Z,Bk,Van Siclen Av,Jamaica,BMT,J23,90,90,0,0,0
POINT (-73.901034 40.862803),,false,Manhattan,Northbound,-73.901034,40.862803,Elevated,4,Bx,Fordham Rd,Jerome Av,IRT,407,382,382,1,1,1
POINT (-73.986829 40.597704),,false,Coney Island,Manhattan,-73.986829,40.597704,Elevated,D,Bk,25 Av,West End,BMT,B22,69,69,0,0,0
POINT (-73.919711 40.698664),,false,Middle Village,Inbound,-73.919711,40.698664,Elevated,M,Bk,Knickerbocker Av,Myrtle Av,BMT,M09,113,113,0,0,0
POINT (-73.959874 40.77362),,false,Downtown,Uptown,-73.959874,40.77362,Subway,6,M,77 St,Lexington Av,IRT,627,398,398,0,0,0
POINT (-74.013664 40.702068),,true,Last Stop,Uptown,-74.013664,40.702068,Subway,1,M,South Ferry,Broadway - 7Av,IRT,142,635,330,1,1,1
POINT (-73.988114 40.718611),,true,Brooklyn,Uptown,-73.988114,40.718611,Subway,F,M,Delancey St-Essex St,6th Av - Culver,IND,F15,625,233,0,0,0
POINT (-74.009781 40.712582),,true,Last Stop,Uptown,-74.009781,40.712582,Subway,E,M,World Trade Center,8th Av - Fulton St,IND,E01,624,171,1,1,1
POINT (-73.867615 40.857192),,false,Manhattan,Northbound,-73.867615,40.857192,Elevated,2 5,Bx,Pelham Pkwy,Lenox - White Plains Rd,IRT,211,424,424,1,1,1
POINT (-73.979189 40.752769),,true,Last Stop,Times Square,-73.979189,40.752769,Subway,S,M,Grand Central-42 St,Lexington - Shuttle,IRT,901,610,469,1,1,1
POINT (-73.927271 40.865491),,false,Downtown,Uptown,-73.927271,40.865491,Subway,A,M,Dyckman St,8th Av - Fulton St,IND,A03,144,144,0,0,0
POINT (-73.896548 40.674542),,false,Outbound,Manhattan,-73.896548,40.674542,Subway,C,Bk,Liberty Av,8th Av - Fulton St,IND,A52,185,185,0,0,0
POINT (-73.989998 40.693219),,false,Outbound,Manhattan,-73.989998,40.693219,Subway,2 3,Bk,Borough Hall,Clark St,IRT,232,620,335,1,1,1
POINT (-74.136907 40.5564),,false,South Shore,Ferry,-74.136907,40.5564,Embankment,SIR,SI,Bay Terrace,Staten Island,SIR,S20,512,512,0,0,0
POINT (-73.994659 40.725915),,true,Downtown,Uptown,-73.994659,40.725915,Subway,6,M,Bleecker St,Lexington Av,IRT,637,619,408,1,1,1
POINT (-73.952343 40.811109),,false,Downtown,Uptown,-73.952343,40.811109,Subway,A C B D,M,125 St,8th Av - Fulton St,IND,A15,153,153,1,1,1
POINT (-73.900741 40.856093),,false,Manhattan,Northbound,-73.900741,40.856093,Subway,B D,Bx,182-183 Sts,Concourse,IND,D06,214,214,0,0,0
POINT (-73.830834 40.8883),,false,Manhattan,Last Stop,-73.830834,40.8883,At Grade,5,Bx,Eastchester-Dyre Av,Dyre Av,IRT,501,442,442,0,0,0
POINT (-73.925651 40.827905),,false,Manhattan,Northbound,-73.925651,40.827905,Subway,B D,Bx,161 St-Yankee Stadium,Concourse,IND,D11,604,219,1,1,1
POINT (-73.94489 40.834041),,false,Downtown,Uptown,-73.94489,40.834041,Subway,1,M,157 St,Broadway - 7Av,IRT,113,303,303,0,0,0
POINT (-73.987342 40.692338),,false,Outbound,Manhattan,-73.987342,40.692338,Subway,A C F,Bk,Jay St-MetroTech,8th Av - Fulton St,IND,A41,636,174,1,1,1
POINT (-73.950234 40.700377),,false,Southbound,Queens,-73.950234,40.700377,Subway,G,Bk,Flushing Av,Crosstown,IND,G31,287,287,0,0,0
POINT (-73.893064 40.824073),,false,Manhattan,Northbound,-73.893064,40.824073,Elevated,2 5,Bx,Simpson St,Lenox - White Plains Rd,IRT,217,430,430,1,1,1
POINT (-73.902447 40.663515),,false,New Lots,Manhattan,-73.902447,40.663515,Elevated,3,Bk,Junius St,Eastern Pky,IRT,254,349,349,0,0,0
POINT (-73.930997 40.744587),,false,Manhattan,Outbound,-73.930997,40.744587,Elevated,7,Q,33 St-Rawson St,Flushing,IRT,716,460,460,0,0,0
POINT (-73.937243 40.748973),,false,Manhattan,Outbound,-73.937243,40.748973,Subway,E F R,Q,Queens Plaza,Queens Blvd,IND,G21,273,273,1,1,1
POINT (-73.890064 40.873412),,false,Manhattan,Northbound,-73.890064,40.873412,Elevated,4,Bx,Bedford Park Blvd-Lehman College,Jerome Av,IRT,405,380,380,0,0,0
POINT (-73.957734 40.60867),,false,Southbound,Manhattan,-73.957734,40.60867,Open Cut,B Q,Bk,Kings Hwy,Broadway - Brighton,BMT,D35,51,51,1,1,1
POINT (-73.92261 40.664717),,false,New Lots,Manhattan,-73.92261,40.664717,Elevated,3,Bk,Sutter Av-Rutland Rd,Eastern Pky,IRT,251,346,346,0,0,0
POINT (-73.835592 40.580903),,false,Last Stop,Inbound,-73.835592,40.580903,At Grade,A S,Q,Rockaway Park-Beach 116 St,Rockaway,IND,H15,203,203,1,1,1
POINT (-73.836322 40.843863),,false,Manhattan,Pelham Bay,-73.836322,40.843863,Elevated,6,Bx,Middletown Rd,Pelham,IRT,603,362,362,0,0,0
POINT (-73.836345 40.697418),,false,Manhattan,Jamaica,-73.836345,40.697418,Elevated,J,Q,111 St,Jamaica,BMT,J13,81,81,0,0,0
POINT (-73.982209 40.77344),,false,Downtown,Uptown,-73.982209,40.77344,Subway,1,M,66 St-Lincoln Center,Broadway - 7Av,IRT,124,314,314,1,1,1
POINT (-73.810708 40.70546),,false,Manhattan,Jamaica,-73.810708,40.70546,Subway,F,Q,Sutphin Blvd,Queens Blvd,IND,F04,257,257,0,0,0
POINT (-73.972143 40.781433),,false,Downtown,Uptown,-73.972143,40.781433,Subway,C B,M,81 St-Museum of Natural History,8th Av - Fulton St,IND,A21,159,159,0,0,0
POINT (-73.960803 40.625039),,false,Southbound,Manhattan,-73.960803,40.625039,Open Cut,Q,Bk,Avenue J,Broadway - Brighton,BMT,D33,49,49,0,0,0
POINT (-73.90774 40.702762),,false,Middle Village,Inbound,-73.90774,40.702762,Elevated,M,Q,Seneca Av,Myrtle Av,BMT,M06,111,111,0,0,0
POINT (-73.986751 40.701397),,false,Southbound,Manhattan,-73.986751,40.701397,Subway,F,Bk,York St,6th Av - Culver,IND,F18,235,235,0,0,0
POINT (-74.074835 40.636949),,false,South Shore,Ferry,-74.074835,40.636949,At Grade,SIR,SI,Tompkinsville,Staten Island,SIR,S30,502,502,0,0,0
POINT (-73.899485 40.650573),,false,Canarsie,Manhattan,-73.899485,40.650573,At Grade,L,Bk,East 105 St,Canarsie,BMT,L28,137,137,0,0,0
POINT (-73.993365 40.747215),,true,Downtown,Uptown,-73.993365,40.747215,Subway,1,M,28 St,Broadway - 7Av,IRT,129,319,319,0,0,0
POINT (-73.96411 40.807722),,false,Downtown,Uptown,-73.96411,40.807722,Subway,1,M,116 St-Columbia University,Broadway - 7Av,IRT,117,307,307,0,0,0
POINT (-74.217847 40.52241),,false,South Shore,Ferry,-74.217847,40.52241,Embankment,SIR,SI,Pleasant Plains,Staten Island,SIR,S14,518,518,0,0,0
POINT (-73.937594 40.804138),,false,Downtown,The Bronx,-73.937594,40.804138,Subway,4 5 6,M,125 St,Lexington Av,IRT,621,392,392,1,1,1
POINT (-73.889395 40.665449),,false,New Lots,Manhattan,-73.889395,40.665449,Elevated,3,Bk,Van Siclen Av,Eastern Pky,IRT,256,351,351,0,0,0
POINT (-73.891394 40.746848),,false,Manhattan,Outbound,-73.891394,40.746848,Elevated,7,Q,74 St-Broadway,Flushing,IRT,710,616,454,1,1,1
POINT (-73.830301 40.660476),,false,Rockaways,Manhattan,-73.830301,40.660476,At Grade,A,Q,Howard Beach-JFK Airport,Rockaway,IND,H03,198,198,1,1,1
POINT (-73.933596 40.849505),,false,Downtown,The Bronx,-73.933596,40.849505,Subway,1,M,181 St,Broadway - 7Av,IRT,111,301,301,0,0,0
POINT (-73.846384 40.869526),,false,Manhattan,Eastchester,-73.846384,40.869526,Open Cut,5,Bx,Gun Hill Rd,Dyre Av,IRT,503,444,444,1,1,1
POINT (-73.957624 40.674772),,false,Prospect Park,Franklin Av,-73.957624,40.674772,Open Cut,S,Bk,Park Pl,Franklin Shuttle,BMT,S03,141,141,1,1,1
POINT (-73.953522 40.689627),,false,Southbound,Queens,-73.953522,40.689627,Subway,G,Bk,Bedford-Nostrand Avs,Crosstown,IND,G33,289,289,0,0,0
POINT (-73.976971 40.629755),,false,Southbound,Manhattan,-73.976971,40.629755,Elevated,F,Bk,18 Av,6th Av - Culver,IND,F30,245,245,0,0,0
POINT (-73.820558 40.585307),,false,Rockaway Park,Inbound,-73.820558,40.585307,Viaduct,A S,Q,Beach 98 St,Rockaway,IND,H13,201,201,0,0,0
POINT (-74.00061 40.613501),,false,Southbound,Manhattan,-74.00061,40.613501,Elevated,D,Bk,79 St,West End,BMT,B18,65,65,0,0,0
POINT (-74.017881 40.641362),,false,Southbound,Manhattan,-74.017881,40.641362,Subway,N R,Bk,59 St,4th Av,BMT,R41,35,35,1,1,1
POINT (-74.014065 40.704817),,true,Downtown,Uptown,-74.014065,40.704817,Subway,4 5,M,Bowling Green,Lexington Av,IRT,420,414,414,1,1,1
